{"sum": 5363392.0, "avr": 184.84256961676317, "sumMD": 21447.0, "avrMD": 86.47983870967742, "sumSD": 22339.0, "avrSD": 90.07661290322581, "max": 328.0, "min": 328.0}